step,test_acc,epoch,test_loss,test_top3_acc
0,0.12995491921901703,0,5.446624279022217,0.2739056944847107
