test_loss,test_acc,test_top3_acc,epoch,step
3.106760025024414,0.2749389410018921,0.5284144282341003,0,0
