step,test_mle,test_loss,epoch
0,13.557190895080566,90.74250793457031,0
