test_loss,step,test_top3_acc,test_acc,epoch
3.106980562210083,0,0.5283204913139343,0.2749859094619751,0
