test_mle,step,epoch,test_loss
13.55838680267334,0,0,90.75627136230469
