test_acc,epoch,step,test_loss,test_top3_acc
0.09740747511386871,0,0,3.5488851070404053,0.22637610137462616
