test_top3_acc,step,epoch,test_loss,test_acc
0.2957918345928192,0,0,3.975576639175415,0.14000563323497772
