step,test_loss,test_top3_acc,test_acc,epoch
0,3.1072795391082764,0.5285553336143494,0.2750798463821411,0
